,MAE,RMSE
Dense NN,8.317609686125142,11.024266974707096
LSTM,25.255500256766023,32.477269177224976
GRU,25.252595780658005,32.46128302692943
