,MAE,RMSE
Linear Regression,9.591331560450454,12.902264821721776
Ridge Regression,9.591338888894954,12.902277662204197
Random Forest,6.780917506713093,2.604019490463367
XGBoost,6.118612948950676,7.950248121982215
LightGBM,6.125709530392128,7.9547640350491555
